<?xml version='1.0' encoding='UTF-8'?>
<!-- This document was created with Syntext Serna Free. --><!DOCTYPE refentry PUBLIC "-//OASIS//DTD DocBook XML V4.5//EN" "http://www.oasis-open.org/docbook/xml/4.5/docbookx.dtd" [

<!--

`xsltproc -''-nonet \
          -''-param man.charmap.use.subset "0" \
          -''-param make.year.ranges "1" \
          -''-param make.single.year.ranges "1" \
          /usr/share/xml/docbook/stylesheet/nwalsh/manpages/docbook.xsl \
          manpage.xml'

A manual page <package>.<section> will be generated. You may view the
manual page with: nroff -man <package>.<section> | less'. A typical entry
in a Makefile or Makefile.am is:

DB2MAN = /usr/share/sgml/docbook/stylesheet/xsl/nwalsh/manpages/docbook.xsl
XP     = xsltproc -''-nonet -''-param man.charmap.use.subset "0"

manpage.1: manpage.xml
        $(XP) $(DB2MAN) $<

The xsltproc binary is found in the xsltproc package. The XSL files are in
docbook-xsl. A description of the parameters you can use can be found in the
docbook-xsl-doc-* packages. Please remember that if you create the nroff
version in one of the debian/rules file targets (such as build), you will need
to include xsltproc and docbook-xsl in your Build-Depends control field.
Alternatively use the xmlto command/package. That will also automatically
pull in xsltproc and docbook-xsl.

Notes for using docbook2x: docbook2x-man does not automatically create the
AUTHOR(S) and COPYRIGHT sections. In this case, please add them manually as
<refsect1> ... </refsect1>.

To disable the automatic creation of the AUTHOR(S) and COPYRIGHT sections
read /usr/share/doc/docbook-xsl/doc/manpages/authors.html. This file can be
found in the docbook-xsl-doc-html package.

Validation can be done using: `xmllint -''-noout -''-valid manpage.xml`

General documentation about man-pages and man-page-formatting:
man(1), man(7), http://www.tldp.org/HOWTO/Man-Page/

-->

  <!-- Fill in your name for FIRSTNAME and SURNAME. -->
  <!ENTITY dhfirstname "Jens">
  <!ENTITY dhsurname   "Georg">
  <!-- dhusername could also be set to "&firstname; &surname;". -->
  <!ENTITY dhusername  "Jens Georg">
  <!ENTITY dhemail     "mail@jensge.org">
  <!-- SECTION should be 1-8, maybe w/ subsection other parameters are
       allowed: see man(7), man(1) and
       http://www.tldp.org/HOWTO/Man-Page/q2.html. -->
  <!ENTITY dhsection   "1">
  <!-- TITLE should be something like "User commands" or similar (see
       http://www.tldp.org/HOWTO/Man-Page/q2.html). -->
  <!ENTITY dhtitle     "Rygel User Manual">
  <!ENTITY dhucpackage "RYGEL">
  <!ENTITY dhpackage   "rygel">
]>
<refentry>
  <refentryinfo>
    <title>&dhtitle;</title>
    <productname>&dhpackage;</productname>
    <authorgroup>
      <author>
        <firstname>&dhfirstname;</firstname>
        <surname>&dhsurname;</surname>
        <contrib>Wrote this manpage.</contrib>
        <address>
          <email>&dhemail;</email>
        </address>
      </author>
    </authorgroup>
  </refentryinfo>
  <refmeta>
    <refentrytitle>&dhucpackage;</refentrytitle>
    <manvolnum>&dhsection;</manvolnum>
  </refmeta>
  <refnamediv>
    <refname>&dhpackage;</refname>
    <refpurpose>a collection of DLNA/UPnP AV services </refpurpose>
  </refnamediv>
  <refsynopsisdiv>
    <cmdsynopsis>
      <command>&dhpackage;</command>
<!-- These are several examples, how syntaxes could look -->      <arg choice="opt">
        <option>options</option>
      </arg>
    </cmdsynopsis>
  </refsynopsisdiv>
  <refsect1 id="description">
    <title>DESCRIPTION</title>
    <para><command>&dhpackage;</command> is a home media solution that allows you to easily share audio, video and
pictures, and control of media player on your home network. In technical terms
it is both a UPnP AV MediaServer and MediaRenderer implemented through a
plug-in mechanism. Interoperability with other devices in the market is
achieved by conformance to very strict requirements of DLNA and on the fly
conversion of media to format that client devices are capable of
handling.</para>
  </refsect1>
  <refsect1 id="options">
    <title>OPTIONS</title>
    <para>The program follows the usual GNU command line syntax,
      with long options starting with two dashes (`-&apos;).  A summary of
      options is included below.</para>
    <variablelist>
<!-- Use the variablelist.term.separator and the
           variablelist.term.break.after parameters to
           control the term elements. -->      <varlistentry>
        <term>
          <option>-h</option>
        </term>
        <term>
          <option>--help</option>
        </term>
        <listitem>
          <para>Show summary of options.</para>
        </listitem>
      </varlistentry>
      <varlistentry>
        <term>
          <option>--version</option>
        </term>
        <listitem>
          <para>Show version of program.</para>
        </listitem>
      </varlistentry>
      <varlistentry>
        <term>
          <option>-n</option>
        </term>
        <term>
          <option>--network-interface=<replaceable>INTERFACE</replaceable></option>
        </term>
        <listitem>
          <para>Set the network interfaces rygel listens on. Can be used multiple times for to configure multiple interfaces. <userinput>INTERFACE</userinput> can be an IP, a device name or an ESSID (Linux only).</para>
        </listitem>
      </varlistentry>
      <varlistentry>
        <term>
          <option>-p</option>
        </term>
        <term>
          <option>--port=<replaceable>PORT</replaceable></option>
        </term>
        <listitem>
          <para>Set the listen-port.</para>
        </listitem>
      </varlistentry>
      <varlistentry>
        <term>
          <option>-t</option>
        </term>
        <term>
          <option>--disable-transcoding</option>
        </term>
        <listitem>
          <para>Disable any transcoding.</para>
        </listitem>
      </varlistentry>
      <varlistentry>
        <term>
          <option>-U</option>
        </term>
        <term>
          <option>--disallow-upload</option>
        </term>
        <listitem>
          <para>Disable uploading of media files via UPnP.</para>
        </listitem>
      </varlistentry>
      <varlistentry>
        <term>
          <option>-D</option>
        </term>
        <term>
          <option>--disallow-deletion</option>
        </term>
        <listitem>
          <para>UPnP clients are not allowed to delete media files on the server.</para>
        </listitem>
      </varlistentry>
      <varlistentry>
        <term>
          <option>-g</option>
        </term>
        <term>
          <option>--log-level=<replaceable>LEVEL</replaceable></option>
        </term>
        <listitem>
          <para>Comma-separated list of <replaceable>DOMAIN</replaceable>:<replaceable>LEVEL</replaceable> pairs, allowing to set the log level individually for each domain, where <replaceable>DOMAIN</replaceable> is eiher <userinput>&quot;*&quot;</userinput>, &quot;<userinput>rygel</userinput>&quot; or the name of a plugin. Allowed log levels are 1=critical, 2=error, 3=warning, 4=message/info,
            5=debug.
          </para>
        </listitem>
      </varlistentry>
      <varlistentry>
        <term>
          <option>-u</option>
        </term>
        <term>
          <option>--plugin-path=<replaceable>PATH</replaceable></option>
        </term>
        <listitem>
          <para>Set the plugin search path.</para>
        </listitem>
      </varlistentry>
      <varlistentry>
        <term>
          <option>-e</option>
        </term>
        <term>
          <option>--engine-path=<replaceable>ENGINE_PATH</replaceable></option>
        </term>
        <listitem>
          <para>Set the media streaming and transcoding engine search path.</para>
        </listitem>
      </varlistentry>
      <varlistentry>
        <term>
          <option>-d</option>
        </term>
        <term>
          <option>--disable-plugin=<replaceable>PLUGIN_NAME</replaceable></option>
        </term>
        <listitem>
          <para>Disable the plugin <replaceable>PLUGIN_NAME</replaceable>.</para>
        </listitem>
      </varlistentry>
      <varlistentry>
        <term>
          <option>-i</option>
        </term>
        <term>
          <option>--title=<replaceable>PLUGIN_NAME</replaceable>:<replaceable>TITLE</replaceable></option>
        </term>
        <listitem>
          <para>Set the title of plugin <replaceable>PLUGIN_NAME</replaceable> to <replaceable>TITLE</replaceable> You can use this option more than once for every plugin you want to set the name of.</para>
        </listitem>
      </varlistentry>
      <varlistentry>
        <term>
          <option>-o</option>
        </term>
        <term>
          <option>--plugin-option=<replaceable>PLUGIN_NAME</replaceable>:</option>
          <option><replaceable>OPTION</replaceable>:<replaceable>VALUE1[,VALUE2,…]</replaceable></option>
        </term>
        <listitem>
          <para>Set options for a plugin.</para>
        </listitem>
      </varlistentry>
      <varlistentry>
        <term>
          <option>-P</option>
        </term>
        <term>
          <option>--disable-upnp</option>
        </term>
        <listitem>
          <para>Disable advertisement via UPnP and set <application>&dhpackage;</application> into streaming-only mode.</para>
        </listitem>
      </varlistentry>
      <varlistentry>
        <term>
          <option>-c</option>
        </term>
        <term>
          <option>--config=<replaceable>CONFIG_FILE</replaceable></option>
        </term>
        <listitem>
          <para>Use <replaceable>CONFIG_FILE</replaceable> instead of <filename>${XDG_CONFIG_DIR}/rygel.conf</filename>.</para>
        </listitem>
      </varlistentry>
      <varlistentry>
        <term>
          <option>-s</option>
        </term>
        <term>
          <option>--shutdown</option>
        </term>
        <listitem>
          <para>Shutdown a currently running instance of &dhpackage;</para>
        </listitem>
      </varlistentry>
      <varlistentry>
        <term>
          <option>-r</option>
        </term>
        <term>
          <option>--replace</option>
        </term>
        <listitem>
          <para>Replace the currently running instance of &dhpackage; with this instance. Short for <userinput>rygel -s &amp;&amp; rygel</userinput></para>
        </listitem>
      </varlistentry>
    </variablelist>
  </refsect1>
  <refsect1 id="files">
    <title>FILES</title>
    <variablelist>
      <varlistentry>
        <term>
          <filename>/etc/rygel.conf</filename>
        </term>
        <listitem>
          <para>The system-wide configuration file to control the
            behaviour of <application>&dhpackage;</application>. See
            <citerefentry>
              <refentrytitle>rygel.conf</refentrytitle>
              <manvolnum>5</manvolnum>
            </citerefentry> for further details.</para>
        </listitem>
      </varlistentry>
      <varlistentry>
        <term>
          <filename>${XDG_CONFIG_DIR}/rygel.conf</filename>
        </term>
        <listitem>
          <para>The per-user configuration file to control the
             behaviour of <application>&dhpackage;</application>. See
             <citerefentry>
              <refentrytitle>rygel.conf</refentrytitle>
              <manvolnum>5</manvolnum>
            </citerefentry> for further details.</para>
        </listitem>
      </varlistentry>
      <varlistentry>
        <term>
          <filename>${XDG_CONFIG_DIR}/Rygel/*.xml</filename>
        </term>
        <listitem>
          <para>Cached UPnP device description files.</para>
        </listitem>
      </varlistentry>
    </variablelist>
  </refsect1>
  <refsect1 id="environment">
    <title>ENVIRONMENT</title>
    <variablelist>
      <varlistentry>
        <term>
          <envar>RYGEL_DISABLE_UPNP</envar>
        </term>
        <listitem>
          <para>Disable advertisement via UPnP and set <application>&dhpackage;</application> into streaming-only mode.</para>
        </listitem>
      </varlistentry>
      <varlistentry>
        <term>
          <envar>RYGEL_IFACE</envar>
        </term>
        <listitem>
          <para>Set the network interfaces to bind to.</para>
        </listitem>
      </varlistentry>
      <varlistentry>
        <term>
          <envar>RYGEL_PORT</envar>
        </term>
        <listitem>
          <para>Define the network port to  bind to.</para>
        </listitem>
      </varlistentry>
      <varlistentry>
        <term>
          <envar>RYGEL_DISABLE_TRANSCODING</envar>
        </term>
        <listitem>
          <para>Disable transcoding globally.</para>
        </listitem>
      </varlistentry>
      <varlistentry>
        <term>
          <envar>RYGEL_LOG</envar>
        </term>
        <listitem>
          <para>Set the log level of <application>&dhpackage;</application>.</para>
        </listitem>
      </varlistentry>
      <varlistentry>
        <term>
          <envar>RYGEL_PLUGIN_PATH</envar>
        </term>
        <listitem>
          <para>Set the plugin search path of <application>&dhpackage;</application>.</para>
        </listitem>
      </varlistentry>
      <varlistentry>
        <term>
          <envar>RYGEL_ENGINE_PATH</envar>
        </term>
        <listitem>
          <para>Set the media streaming and transcoding engine search path for <application>&dhpackage;</application>.</para>
        </listitem>
      </varlistentry>
      <varlistentry>
        <term>
          <envar>RYGEL_MEDIA_ENGINE</envar>
        </term>
        <listitem>
          <para>Set a specific media streaming engine to pick up from the media engine search path.</para>
        </listitem>
      </varlistentry>
      <varlistentry>
        <term>
          <envar>RYGEL_DISABLE_UPLOAD</envar>
        </term>
        <listitem>
          <para>Disable media file upload via UPnP.</para>
        </listitem>
      </varlistentry>
      <varlistentry>
        <term>
          <envar>RYGEL_DISABLE_DELETION</envar>
        </term>
        <listitem>
          <para>Disable remote file deletion via UPnP.</para>
        </listitem>
      </varlistentry>
      <varlistentry>
        <term>
          <envar>RYGEL_PLUGIN_TIMEOUT</envar>
        </term>
        <listitem>
          <para>Set the time-out for finding the plugins. Useful to increase when running inside valgrind.</para>
        </listitem>
      </varlistentry>
      <varlistentry>
        <term>
          <envar>RYGEL_DATABASE_DEBUG</envar>
        </term>
        <listitem>
          <para>If set to 1, the database library will print the used SQL statements.</para>
        </listitem>
      </varlistentry>
    </variablelist>
    <para>Also for every plugin you can set the following environment variables:</para>
    <para><variablelist>
        <varlistentry>
          <term>
            <envar>RYGEL_PLUGIN_NAME_TITLE</envar>
          </term>
          <listitem>
            <para>Set the title of the plugin.</para>
          </listitem>
        </varlistentry>
        <varlistentry>
          <term>
            <envar>RYGEL_PLUGIN_NAME_ENABLED</envar>
          </term>
          <listitem>
            <para>Enable or disable the plugin.</para>
          </listitem>
        </varlistentry>
      </variablelist></para>
  </refsect1>
  <refsect1 id="bugs">
<!-- Or use this section to tell about upstream BTS. -->    <title>BUGS</title>
    <para>The  <acronym>BTS</acronym> can be found
    at <ulink url="https://gitlab.gnome.org/GNOME/rygel/issues"/>.</para>
  </refsect1>
  <refsect1 id="see_also">
    <title>SEE ALSO</title>
<!-- In alpabetical order. -->    <para><citerefentry>
        <refentrytitle>rygel.conf</refentrytitle>
        <manvolnum>5</manvolnum>
      </citerefentry></para>
  </refsect1>
</refentry>
