<?xml version="1.0"?>
<!DOCTYPE book PUBLIC "-//OASIS//DTD DocBook XML V4.1.2//EN"
               "http://www.oasis-open.org/docbook/xml/4.1.2/docbookx.dtd" [
]>
<book id="index" xmlns:xi="http://www.w3.org/2003/XInclude">
  <bookinfo>
    <title>colord Reference Manual</title>
    <authorgroup>
      <author>
        <firstname>Richard</firstname>
        <surname>Hughes</surname>
        <affiliation>
          <address>
            <email>richard@hughsie.com</email>
          </address>
        </affiliation>
      </author>
    </authorgroup>

    <copyright>
      <year>2011</year>
      <holder>The colord authors</holder>
    </copyright>

    <legalnotice>
      <para>
	Permission is granted to copy, distribute and/or modify this
	document under the terms of the <citetitle>GNU Free
	Documentation License</citetitle>, Version 1.1 or any later
	version published by the Free Software Foundation with no
	Invariant Sections, no Front-Cover Texts, and no Back-Cover
	Texts. You may obtain a copy of the <citetitle>GNU Free
	Documentation License</citetitle> from the Free Software
	Foundation by visiting <ulink type="http"
	url="http://www.fsf.org">their Web site</ulink> or by writing
	to:

	<address>
	  The Free Software Foundation, Inc.,
	  <street>59 Temple Place</street> - Suite 330,
	  <city>Boston</city>, <state>MA</state> <postcode>02111-1307</postcode>,
	  <country>USA</country>
	</address>
      </para>

      <para>
	Many of the names used by companies to distinguish their
	products and services are claimed as trademarks. Where those
	names appear in any freedesktop.org documentation, and those
	trademarks are made aware to the members of the
	freedesktop.org Project, the names have been printed in caps
	or initial caps.
      </para>
    </legalnotice>
  </bookinfo>

  <reference id="libcolordprivate">
    <title>libcolord GObjects</title>
    <partintro>
      <para>
        This part documents GObjects used in libcolordprivate.
      </para>
    </partintro>
    <xi:include href="xml/cd-color.xml"/>
    <xi:include href="xml/cd-dom.xml"/>
    <xi:include href="xml/cd-edid.xml"/>
    <xi:include href="xml/cd-icc.xml"/>
    <xi:include href="xml/cd-icc-store.xml"/>
    <xi:include href="xml/cd-icc-utils.xml"/>
    <xi:include href="xml/cd-transform.xml"/>
    <xi:include href="xml/cd-interp-akima.xml"/>
    <xi:include href="xml/cd-interp-linear.xml"/>
    <xi:include href="xml/cd-interp.xml"/>
    <xi:include href="xml/cd-it8-utils.xml"/>
    <xi:include href="xml/cd-it8.xml"/>
    <xi:include href="xml/cd-math.xml"/>
    <xi:include href="xml/cd-spectrum.xml"/>
    <xi:include href="xml/cd-version.xml"/>
  </reference>

  <reference id="libcolord">
    <title>libcolord</title>
    <partintro>
      <para>
        This part documents helper functions in libcolord.
      </para>
    </partintro>
    <xi:include href="xml/cd-client-sync.xml"/>
    <xi:include href="xml/cd-client.xml"/>
    <xi:include href="xml/cd-device-sync.xml"/>
    <xi:include href="xml/cd-device.xml"/>
    <xi:include href="xml/cd-profile-sync.xml"/>
    <xi:include href="xml/cd-profile.xml"/>
    <xi:include href="xml/cd-sensor-sync.xml"/>
    <xi:include href="xml/cd-sensor.xml"/>
  </reference>

  <index>
    <title>Index</title>
  </index>

  <!-- License -->

  <appendix id="license">
    <title>License</title>
    <para>
<programlisting><xi:include xmlns:xi="http://www.w3.org/2001/XInclude" href="../../COPYING" parse="text"><xi:fallback>FIXME: MISSING XINCLUDE CONTENT</xi:fallback></xi:include></programlisting>
    </para>
  </appendix>
</book>
