<!-- Please adjust the date whenever revising the manpage. -->
<refentry xmlns="http://docbook.org/ns/docbook" version="5.0">
  <info>
    <address>
      <email>richard@hughsie.com</email>;
    </address>
    <author><personname><firstname>Richard</firstname><surname>Hughes</surname></personname></author>
    <copyright>
      <year>2011</year>
      <holder>Richard Hughes</holder>
    </copyright>
    <date>8 April, 2011</date>
  </info>
  <refmeta>
    <refentrytitle>cd-fix-profile</refentrytitle>
    <manvolnum>1</manvolnum>
    <refmiscinfo class="manual">User Commands</refmiscinfo>
  </refmeta>
  <refnamediv>
    <refname>cd-fix-profile</refname>
    <refpurpose>Color Manager Testing Tool</refpurpose>
  </refnamediv>
  <refsynopsisdiv>
    <cmdsynopsis>
      <command>cd-fix-profile</command>
      <arg><option>--verbose</option></arg>
    </cmdsynopsis>
  </refsynopsisdiv>
  <refsect1>
    <title>Description</title>
    <para>
      This manual page documents briefly the <command>cd-fix-profile</command> command.
    </para>
    <para>
      <command>cd-fix-profile</command> allows an administrator to modify
      and fix ICC profiles on their system.
    </para>
    <para>
      The program will also repair common errors found in profiles.
    </para>
  </refsect1>
  <refsect1>
    <title>Options</title>
    <para>
      This program follows the usual <acronym>GNU</acronym> command line syntax,
      with long options starting with two dashes (‘-’).  A summary of
      options is included below.
    </para>
    <variablelist>
      <varlistentry>
        <term>
          <option>--help</option>
        </term>
        <listitem>
          <para>Show summary of options.</para>
        </listitem>
      </varlistentry>
      <varlistentry>
        <term>
          <option>--description</option>
        </term>
        <listitem>
          <para>Sets the profile description.</para>
        </listitem>
      </varlistentry>
      <varlistentry>
        <term>
          <option>--copyright</option>
        </term>
        <listitem>
          <para>Sets the profile copyright.</para>
        </listitem>
      </varlistentry>
      <varlistentry>
        <term>
          <option>--model</option>
        </term>
        <listitem>
          <para>Sets the profile model.</para>
        </listitem>
      </varlistentry>
      <varlistentry>
        <term>
          <option>--manufacturer</option>
        </term>
        <listitem>
          <para>Sets the profile manufacturer.</para>
        </listitem>
      </varlistentry>
    </variablelist>
  </refsect1>
  <refsect1>
    <title>Author</title>
    <para>This manual page was written by Richard Hughes <email>richard@hughsie.com</email>.
    </para>
  </refsect1>
</refentry>
