<?xml version="1.0" encoding="UTF-8"?>
<interface domain="gtkhash">
  <requires lib="gtk+" version="2.24"/>
  <object class="GtkImage" id="image_copy">
    <property name="visible">True</property>
    <property name="can_focus">False</property>
    <property name="icon_name">edit-copy</property>
    <property name="icon-size">1</property>
  </object>
  <object class="GtkImage" id="image_execute">
    <property name="visible">True</property>
    <property name="can_focus">False</property>
    <property name="icon_name">system-run</property>
  </object>
  <object class="GtkListStore" id="liststore">
    <columns>
      <!-- column-name id -->
      <column type="gint"/>
      <!-- column-name enabled -->
      <column type="gboolean"/>
      <!-- column-name hash_func -->
      <column type="gchararray"/>
      <!-- column-name digest -->
      <column type="gchararray"/>
    </columns>
  </object>
  <object class="GtkMenu" id="menu">
    <property name="visible">True</property>
    <property name="can_focus">False</property>
    <child>
      <object class="GtkImageMenuItem" id="imagemenuitem_copy">
        <property name="label" translatable="yes">_Copy Digest</property>
        <property name="visible">True</property>
        <property name="can_focus">False</property>
        <property name="use_underline">True</property>
        <property name="image">image_copy</property>
        <property name="use_stock">False</property>
        <property name="always_show_image">True</property>
      </object>
    </child>
    <child>
      <object class="GtkSeparatorMenuItem" id="separatormenuitem">
        <property name="visible">True</property>
        <property name="can_focus">False</property>
      </object>
    </child>
    <child>
      <object class="GtkCheckMenuItem" id="checkmenuitem_show_funcs">
        <property name="visible">True</property>
        <property name="can_focus">False</property>
        <property name="label" translatable="yes">Show _Disabled Hash Functions</property>
        <property name="use_underline">True</property>
        <property name="active">True</property>
      </object>
    </child>
  </object>
  <object class="GtkTreeModelFilter" id="treemodelfilter">
    <property name="child_model">liststore</property>
  </object>
  <object class="GtkVBox" id="vbox">
    <property name="visible">True</property>
    <property name="can_focus">False</property>
    <child>
      <object class="GtkScrolledWindow" id="scrolledwindow">
        <property name="visible">True</property>
        <property name="can_focus">True</property>
        <property name="border_width">8</property>
        <property name="shadow_type">in</property>
        <child>
          <object class="GtkTreeView" id="treeview">
            <property name="visible">True</property>
            <property name="can_focus">True</property>
            <property name="model">treemodelfilter</property>
            <property name="headers_clickable">False</property>
            <property name="enable_search">False</property>
            <property name="search_column">0</property>
            <property name="show_expanders">False</property>
            <child internal-child="selection">
              <object class="GtkTreeSelection" id="treeselection"/>
            </child>
            <child>
              <object class="GtkTreeViewColumn" id="treeviewcolumn_enabled">
                <child>
                  <object class="GtkCellRendererToggle" id="cellrenderertoggle"/>
                  <attributes>
                    <attribute name="active">1</attribute>
                  </attributes>
                </child>
              </object>
            </child>
            <child>
              <object class="GtkTreeViewColumn" id="treeviewcolumn_hash_func">
                <property name="title" translatable="yes">Hash Function</property>
                <child>
                  <object class="GtkCellRendererText" id="cellrenderertext_hash_func"/>
                  <attributes>
                    <attribute name="text">2</attribute>
                  </attributes>
                </child>
              </object>
            </child>
            <child>
              <object class="GtkTreeViewColumn" id="treeviewcolumn_digest">
                <property name="title" translatable="yes">Digest</property>
                <child>
                  <object class="GtkCellRendererText" id="cellrenderertext_digest"/>
                  <attributes>
                    <attribute name="text">3</attribute>
                  </attributes>
                </child>
              </object>
            </child>
          </object>
        </child>
      </object>
      <packing>
        <property name="expand">True</property>
        <property name="fill">True</property>
        <property name="position">0</property>
      </packing>
    </child>
    <child>
      <object class="GtkAlignment" id="alignment_inputs">
        <property name="visible">True</property>
        <property name="can_focus">False</property>
        <property name="bottom_padding">4</property>
        <property name="left_padding">8</property>
        <property name="right_padding">8</property>
        <child>
          <object class="GtkHBox" id="hbox_inputs">
            <property name="visible">True</property>
            <property name="can_focus">False</property>
            <child>
              <object class="GtkHBox" id="hbox_check">
                <property name="visible">True</property>
                <property name="can_focus">False</property>
                <property name="spacing">6</property>
                <child>
                  <object class="GtkLabel" id="label_check">
                    <property name="visible">True</property>
                    <property name="can_focus">False</property>
                    <property name="label" translatable="yes">Check:</property>
                  </object>
                  <packing>
                    <property name="expand">False</property>
                    <property name="fill">True</property>
                    <property name="position">0</property>
                  </packing>
                </child>
                <child>
                  <object class="GtkEntry" id="entry_check">
                    <property name="visible">True</property>
                    <property name="can_focus">True</property>
                    <property name="secondary_icon_activatable">False</property>
                  </object>
                  <packing>
                    <property name="expand">True</property>
                    <property name="fill">True</property>
                    <property name="position">1</property>
                  </packing>
                </child>
              </object>
              <packing>
                <property name="expand">True</property>
                <property name="fill">True</property>
                <property name="position">0</property>
              </packing>
            </child>
            <child>
              <object class="GtkHBox" id="hbox_hmac">
                <property name="visible">True</property>
                <property name="can_focus">False</property>
                <child>
                  <object class="GtkCheckButton" id="togglebutton_hmac">
                    <property name="label" translatable="yes">HMAC Key:</property>
                    <property name="visible">True</property>
                    <property name="can_focus">True</property>
                    <property name="receives_default">False</property>
                    <property name="draw_indicator">False</property>
                  </object>
                  <packing>
                    <property name="expand">False</property>
                    <property name="fill">True</property>
                    <property name="position">0</property>
                  </packing>
                </child>
                <child>
                  <object class="GtkEntry" id="entry_hmac">
                    <property name="visible">True</property>
                    <property name="can_focus">True</property>
                    <property name="visibility">False</property>
                    <property name="caps_lock_warning">False</property>
                  </object>
                  <packing>
                    <property name="expand">True</property>
                    <property name="fill">True</property>
                    <property name="position">1</property>
                  </packing>
                </child>
              </object>
              <packing>
                <property name="expand">True</property>
                <property name="fill">True</property>
                <property name="position">2</property>
              </packing>
            </child>
          </object>
        </child>
      </object>
      <packing>
        <property name="expand">False</property>
        <property name="fill">True</property>
        <property name="position">2</property>
      </packing>
    </child>
    <child>
      <object class="GtkHBox" id="hbox_buttons">
        <property name="visible">True</property>
        <property name="can_focus">False</property>
        <child>
          <object class="GtkAlignment" id="alignment_progressbar">
            <property name="visible">True</property>
            <property name="can_focus">False</property>
            <property name="yscale">0.5</property>
            <property name="left_padding">8</property>
            <property name="right_padding">2</property>
            <child>
              <object class="GtkProgressBar" id="progressbar">
                <property name="can_focus">False</property>
                <property name="show_text">True</property>
                <property name="ellipsize">middle</property>
              </object>
            </child>
          </object>
          <packing>
            <property name="expand">True</property>
            <property name="fill">True</property>
            <property name="position">0</property>
          </packing>
        </child>
        <child>
          <object class="GtkHButtonBox" id="hbuttonbox">
            <property name="visible">True</property>
            <property name="can_focus">False</property>
            <property name="border_width">8</property>
            <property name="spacing">8</property>
            <property name="layout_style">end</property>
            <child>
              <object class="GtkButton" id="button_stop">
                <property name="label">gtk-stop</property>
                <property name="visible">True</property>
                <property name="sensitive">False</property>
                <property name="can_focus">True</property>
                <property name="receives_default">True</property>
                <property name="use_stock">True</property>
              </object>
              <packing>
                <property name="expand">False</property>
                <property name="fill">False</property>
                <property name="position">0</property>
              </packing>
            </child>
            <child>
              <object class="GtkButton" id="button_hash">
                <property name="label" translatable="yes">H_ash</property>
                <property name="visible">True</property>
                <property name="can_focus">True</property>
                <property name="receives_default">True</property>
                <property name="image">image_execute</property>
                <property name="use_underline">True</property>
              </object>
              <packing>
                <property name="expand">False</property>
                <property name="fill">False</property>
                <property name="position">1</property>
              </packing>
            </child>
          </object>
          <packing>
            <property name="expand">False</property>
            <property name="fill">True</property>
            <property name="position">1</property>
          </packing>
        </child>
      </object>
      <packing>
        <property name="expand">False</property>
        <property name="fill">True</property>
        <property name="padding">6</property>
        <property name="position">3</property>
      </packing>
    </child>
  </object>
</interface>
