<?xml version="1.0" encoding="UTF-8"?>
<gresources>
  <gresource prefix="/org/gnome/todo/ui">
    <file compressed="true" preprocess="xml-stripblanks">gtd-edit-pane.ui</file>
    <file compressed="true" preprocess="xml-stripblanks">gtd-initial-setup-window.ui</file>
    <file compressed="true" preprocess="xml-stripblanks">gtd-new-task-row.ui</file>
    <file compressed="true" preprocess="xml-stripblanks">gtd-omni-area.ui</file>
    <file compressed="true" preprocess="xml-stripblanks">gtd-provider-popover.ui</file>
    <file compressed="true" preprocess="xml-stripblanks">gtd-provider-row.ui</file>
    <file compressed="true" preprocess="xml-stripblanks">gtd-provider-selector.ui</file>
    <file compressed="true" preprocess="xml-stripblanks">gtd-task-list-popover.ui</file>
    <file compressed="true" preprocess="xml-stripblanks">gtd-task-list-view.ui</file>
    <file compressed="true" preprocess="xml-stripblanks">gtd-task-row.ui</file>
    <file compressed="true" preprocess="xml-stripblanks">gtd-window.ui</file>

    <!-- Assets -->
    <file>assets/all-done.svg</file>
  </gresource>

  <!-- GTK -->
  <gresource prefix="/org/gnome/todo/gtk">
    <file compressed="true" preprocess="xml-stripblanks" alias="help-overlay.ui">shortcuts-dialog.ui</file>
    <file compressed="true" preprocess="xml-stripblanks">menus.ui</file>
  </gresource>
</gresources>
