<?xml version="1.0"?>
<?xml-stylesheet type="text/xsl"
   href="http://docbook.sourceforge.net/release/xsl/current/manpages/docbook.xsl"?>
<!DOCTYPE refentry PUBLIC "-//OASIS//DTD DocBook XML V4.1.2//EN"
    "http://www.oasis-open.org/docbook/xml/4.1.2/docbookx.dtd" [
]>
<refentry id="xdg-open">
  <refentryinfo>
    <title>xdg-open Manual</title>
    <copyright>
      <year>2006</year>
    </copyright>
    <author>
      <firstname>Kevin</firstname>
      <surname>Krammer</surname>
    </author>
    <address><email>kevin.krammer@gmx.at</email></address>
    <author>
      <firstname>Jeremy</firstname>
      <surname>White</surname>
    </author>
    <address><email>jwhite@codeweavers.com</email></address>
    <releaseinfo>xdg-utils 1.0</releaseinfo>
  </refentryinfo>

  <refmeta>
    <refentrytitle>xdg-open</refentrytitle>
    <manvolnum>1</manvolnum>
  </refmeta>

  <refnamediv>
    <refname>xdg-open</refname>
    <refpurpose>opens a file or URL in the user's preferred application</refpurpose>
  </refnamediv>

  <refsynopsisdiv>
    <cmdsynopsis>
      <command>xdg-open</command>
      <group choice="req">
        <arg choice="plain"><option><replaceable>file</replaceable></option></arg>
        <arg choice="plain"><option><replaceable>URL</replaceable></option></arg>
      </group>
    </cmdsynopsis>
    <cmdsynopsis>
      <command>xdg-open</command>
      <group choice="req">
        <arg choice="plain"><option>--help</option></arg>
        <arg choice="plain"><option>--manual</option></arg>
        <arg choice="plain"><option>--version</option></arg>
      </group>
    </cmdsynopsis>
  </refsynopsisdiv>

  <refsect1 id="description">
    <title>Description</title>
    <para>
      xdg-open opens a file or URL in the user's preferred application.
      If a URL is provided the URL will be opened in the user's preferred
      web browser. If a file is provided the file will be opened in the
      preferred application for files of that type. xdg-open supports
      file, ftp, http and https URLs.
    </para>
    <para>
      xdg-open is for use inside a desktop session only.
      It is not recommended to use xdg-open as root.
    </para>
  </refsect1>
  <refsect1 id="options">
    <title>Options</title>
    <variablelist>
      <varlistentry>
	<term><option>--help</option></term>
	<listitem>
	  <simpara>
	    Show command synopsis.
	  </simpara>
	</listitem>
      </varlistentry>

      <varlistentry>
	<term><option>--manual</option></term>
	<listitem>
	  <simpara>
	    Show this manual page.
	  </simpara>
	</listitem>
      </varlistentry>

      <varlistentry>
        <term><option>--version</option></term>
        <listitem>
          <simpara>
            Show the xdg-utils version information.
          </simpara>
        </listitem>
      </varlistentry>
    </variablelist>
  </refsect1>
  <refsect1 id="exitcodes">
    <title>Exit Codes</title>
    <para>
      An exit code of 0 indicates success while a non-zero exit code
      indicates failure. The following failure codes can be returned:
    </para>
    <variablelist>
      <varlistentry>
	<term><option>1</option></term>
	<listitem>
	  <simpara>
	    Error in command line syntax.
	  </simpara>
	</listitem>
      </varlistentry>
      <varlistentry>
	<term><option>2</option></term>
	<listitem>
	  <simpara>
	    One of the files passed on the command line did not exist.
	  </simpara>
	</listitem>
      </varlistentry>
      <varlistentry>
	<term><option>3</option></term>
	<listitem>
	  <simpara>
	    A required tool could not be found. 
	  </simpara>
	</listitem>
      </varlistentry>
      <varlistentry>
	<term><option>4</option></term>
	<listitem>
	  <simpara>
	    The action failed. 
	  </simpara>
	</listitem>
      </varlistentry>
    </variablelist>
  </refsect1>
  <refsect1 id="seealso">
    <title>See Also</title>
    <para><citerefentry><refentrytitle>xdg-mime</refentrytitle>
        <manvolnum>1</manvolnum>
      </citerefentry>,
      <citerefentry><refentrytitle>xdg-settings</refentrytitle>
        <manvolnum>1</manvolnum>
      </citerefentry>,
      <ulink url="http://www.freedesktop.org/wiki/Specifications/mime-apps-spec/">MIME applications associations specification</ulink>
    </para>
  </refsect1>

  <refsect1 id="examples">
    <title>Examples</title>
    <para>
<programlisting>
xdg-open 'http://www.freedesktop.org/'
</programlisting>
      Opens the freedesktop.org website in the user's default browser.
    </para>
    <para>
<programlisting>
xdg-open /tmp/foobar.png
</programlisting>
      Opens the PNG image file /tmp/foobar.png in the user's default image
      viewing application.
    </para>
  </refsect1>
</refentry>
