<?xml version="1.0" encoding="UTF-8" ?>
<profile>
 <name>ECI-RGBv1</name>
 <description>eciRGB v1</description>
 <copyright>This profile is free of known copyright restrictions</copyright>
 <!-- TRANSLATORS: ECI is a trademark, don't translate -->
 <model>
  This profile is recommended by the ECI (European Color Initiative) as a
  editing space for professional image editing and aims to cover all colors
  that can be printed on printing presses.
  This is sometimes used as a color data exchange format between publishers and
  printing houses.
 </model>
 <license>CC0</license>
 <data_source>standard</data_source>
 <standard_space>eci-rgb-v1</standard_space>
 <gamma>1.8</gamma>
 <whitepoint>D50</whitepoint>
 <primaries>
  <red>
   <x>0.6700</x>
   <y>0.3300</y>
   <Y>0.320250</Y>
  </red>
  <green>
   <x>0.2100</x>
   <y>0.7100</y>
   <Y>0.602071</Y>
  </green>
  <blue>
   <x>0.1400</x>
   <y>0.0800</y>
   <Y>0.077679</Y>
  </blue>
 </primaries>
</profile>
