<?xml version="1.0" encoding="UTF-8" ?>
<profile>
 <name>PAL-RGB</name>
 <description>PAL/SECAM RGB</description>
 <copyright>This profile is free of known copyright restrictions</copyright>
 <!-- TRANSLATORS: Please don't translate PAL or SECAM -->
 <model>
  This profile defines the range of colors used with the PAL and SECAM video
  standards and is very similar to sRGB.
  You should only use this profile to encode or decode video.
 </model>
 <license>CC0</license>
 <data_source>standard</data_source>
 <standard_space>pal-rgb</standard_space>
 <gamma>2.2</gamma>
 <whitepoint>D65</whitepoint>
 <primaries>
  <red>
   <x>0.6400</x>
   <y>0.3300</y>
   <Y>0.222021</Y>
  </red>
  <green>
   <x>0.2900</x>
   <y>0.6000</y>
   <Y>0.706645</Y>
  </green>
  <blue>
   <x>0.1500</x>
   <y>0.0600</y>
   <Y>0.071334</Y>
  </blue>
 </primaries>
</profile>
