<?xml version="1.0"?>
<!DOCTYPE book PUBLIC "-//OASIS//DTD DocBook XML V4.3//EN"
               "http://www.oasis-open.org/docbook/xml/4.3/docbookx.dtd"
[
  <!ENTITY % local.common.attrib "xmlns:xi  CDATA  #FIXED 'http://www.w3.org/2003/XInclude'">
]>
<book id="index">
  <bookinfo>
    <title>librygel-renderer-gst Reference Manual</title>
    <releaseinfo>
      for librygel-renderer-gst 2.0.
      The latest version of this documentation can be found on-line at
      <ulink role="online-location" url="http://developer.gnome.org/librygel-renderer-gst/index.html">http://developer.gnome.org/librygel-renderer-gst/</ulink>.
    </releaseinfo>
  </bookinfo>

  <!-- This is hand written: -->
  <preface id="overview">
    <title>Overview</title>
    <xi:include href="overview.xml"/>
  </preface>

  <xi:include href="implementing-renderers-gst.xml"/>

    <!-- These are generated: -->
  <chapter id="api-main-list">
    <title>librygel-renderer-gst API Reference</title>
    <xi:include href="xml/rygel-playbin-renderer.xml"/>
    <xi:include href="xml/rygel-playbin-player.xml"/>
  </chapter>

  <chapter id="object-tree">
    <title>Object Hierarchy</title>
     <xi:include href="xml/tree_index.sgml"/>
  </chapter>

  <index id="api-index-full">
    <title>API Index</title>
    <xi:include href="xml/api-index-full.xml"><xi:fallback /></xi:include>
  </index>

  <index id="deprecated-api-index" role="deprecated">
    <title>Index of deprecated API</title>
    <xi:include href="xml/api-index-deprecated.xml"><xi:fallback /></xi:include>
  </index>

  <xi:include href="xml/annotation-glossary.xml"><xi:fallback /></xi:include>
</book>
