<?xml version="1.0"?>
<!DOCTYPE book PUBLIC "-//OASIS//DTD DocBook XML V4.3//EN"
               "http://www.oasis-open.org/docbook/xml/4.3/docbookx.dtd"
[
  <!ENTITY % local.common.attrib "xmlns:xi  CDATA  #FIXED 'http://www.w3.org/2003/XInclude'">
]>
<book id="index">
  <bookinfo>
    <title>libaccountsservice Reference Manual</title>
  </bookinfo>

  <chapter>
    <title>libaccountsservice</title>
    <xi:include href="xml/act-user.xml"/>
    <xi:include href="xml/act-user-manager.xml"/>
  </chapter>

  <index id="api-index-full">
    <title>API Index</title>
    <xi:include href="xml/api-index-full.xml"><xi:fallback /></xi:include>
  </index>
  <index id="api-index-0-6-27">
    <title>Index of new symbols in 0.6.27</title>
    <xi:include href="xml/api-index-0.6.27.xml"><xi:fallback /></xi:include>
  </index>
  <index id="api-index-0-6-39">
    <title>Index of new symbols in 0.6.39</title>
    <xi:include href="xml/api-index-0.6.39.xml"><xi:fallback /></xi:include>
  </index>

  <xi:include href="xml/annotation-glossary.xml">
    <xi:fallback />
  </xi:include>
</book>
