<?xml version="1.0"?>
<!--
 Copyright (C) 2018 Red Hat, Inc.

 This library is free software; you can redistribute it and/or
 modify it under the terms of the GNU Lesser General Public
 License as published by the Free Software Foundation; either
 version 2 of the License, or (at your option) any later version.

 This library is distributed in the hope that it will be useful,
 but WITHOUT ANY WARRANTY; without even the implied warranty of
 MERCHANTABILITY or FITNESS FOR A PARTICULAR PURPOSE.  See the GNU
 Lesser General Public License for more details.

 You should have received a copy of the GNU Lesser General Public
 License along with this library. If not, see <http://www.gnu.org/licenses/>.

 Author: Matthias Clasen <mclasen@redhat.com>
-->

<node name="/" xmlns:doc="http://www.freedesktop.org/dbus/1.0/doc.dtd">
  <!--
    org.freedesktop.impl.portal.Lockdown:
    @short_description: Lockdown backend interface

    This interface provides access to high-level desktop lockdown
    settings that can disable entire portals, such as disabling
    printing or location services.

    This is meant to be used by different portal frontends.
  -->
  <interface name="org.freedesktop.impl.portal.Lockdown">

    <property name="disable-printing" type="b" access="readwrite"/>
    <property name="disable-save-to-disk" type="b" access="readwrite"/>
    <property name="disable-application-handlers" type="b" access="readwrite"/>
    <property name="disable-location" type="b" access="readwrite"/>
    <property name="disable-camera" type="b" access="readwrite"/>
    <property name="disable-microphone" type="b" access="readwrite"/>
    <property name="disable-sound-output" type="b" access="readwrite"/>
  </interface>
</node>
