<?xml version="1.0"?>
<!DOCTYPE book PUBLIC "-//OASIS//DTD DocBook XML V4.3//EN"
               "http://www.oasis-open.org/docbook/xml/4.3/docbookx.dtd"
[
  <!ENTITY % local.common.attrib "xmlns:xi  CDATA  #FIXED 'http://www.w3.org/2003/XInclude'">
]>
<book id="index">
  <bookinfo>
    <title>librygel-server Reference Manual</title>
    <releaseinfo>
      for librygel-server 2.0.
      The latest version of this documentation can be found on-line at
      <ulink role="online-location" url="http://developer.gnome.org/librygel-server/index.html">http://developer.gnome.org/librygel-server/</ulink>.
    </releaseinfo>
  </bookinfo>

  <!-- This is hand written: -->
  <preface id="overview">
    <title>Overview</title>
    <xi:include href="overview.xml"/>
  </preface>

  <xi:include href="implementing-servers.xml"/>
  <xi:include href="implementing-server-plugins.xml"/>
  <xi:include href="implementing-media-engines.xml"/>

  <!-- These are generated: -->
  <chapter id="api-main-list">
    <title>librygel-server API Reference</title>
    <xi:include href="xml/rygel-audio-item.xml"/>
    <xi:include href="xml/rygel-content-directory.xml"/>
    <xi:include href="xml/rygel-data-source.xml"/>
    <xi:include href="xml/rygel-dlna-available-seek-request.xml"/>
    <xi:include href="xml/rygel-dlna-available-seek-response.xml"/>
    <xi:include href="xml/rygel-dtcp-cleartext-request.xml"/>
    <xi:include href="xml/rygel-dtcp-cleartext-response.xml"/>
    <xi:include href="xml/rygel-http-byte-seek-request.xml"/>
    <xi:include href="xml/rygel-http-byte-seek-response.xml"/>
    <xi:include href="xml/rygel-http-get-handler.xml"/>
    <xi:include href="xml/rygel-http-get.xml"/>
    <xi:include href="xml/rygel-http-item-uri.xml"/>
    <xi:include href="xml/rygel-http-request.xml"/>
    <xi:include href="xml/rygel-http-response-element.xml"/>
    <xi:include href="xml/rygel-http-response.xml"/>
    <xi:include href="xml/rygel-http-seek.xml"/>
    <xi:include href="xml/rygel-http-server.xml"/>
    <xi:include href="xml/rygel-http-time-seek-request.xml"/>
    <xi:include href="xml/rygel-http-time-seek-response.xml"/>
    <xi:include href="xml/rygel-image-item.xml"/>
    <xi:include href="xml/rygel-logical-expression.xml"/>
    <xi:include href="xml/rygel-media-art-store.xml"/>
    <xi:include href="xml/rygel-media-container.xml"/>
    <xi:include href="xml/rygel-media-engine.xml"/>
    <xi:include href="xml/rygel-media-file-item.xml"/>
    <xi:include href="xml/rygel-media-item.xml"/>
    <xi:include href="xml/rygel-media-objects.xml"/>
    <xi:include href="xml/rygel-media-object.xml"/>
    <xi:include href="xml/rygel-media-resource.xml"/>
    <xi:include href="xml/rygel-media-server-plugin.xml"/>
    <xi:include href="xml/rygel-media-server.xml"/>
    <xi:include href="xml/rygel-music-item.xml"/>
    <xi:include href="xml/rygel-photo-item.xml"/>
    <xi:include href="xml/rygel-playlist-item.xml"/>
    <xi:include href="xml/rygel-playspeed-request.xml"/>
    <xi:include href="xml/rygel-playspeed-response.xml"/>
    <xi:include href="xml/rygel-playspeed.xml"/>
    <xi:include href="xml/rygel-relational-expression.xml"/>
    <xi:include href="xml/rygel-searchable-container.xml"/>
    <xi:include href="xml/rygel-search-expression.xml"/>
    <xi:include href="xml/rygel-serializer.xml"/>
    <xi:include href="xml/rygel-simple-container.xml"/>
    <xi:include href="xml/rygel-subtitle.xml"/>
    <xi:include href="xml/rygel-thumbnail.xml"/>
    <xi:include href="xml/rygel-trackable-container.xml"/>
    <xi:include href="xml/rygel-trackable-item.xml"/>
    <xi:include href="xml/rygel-updatable-object.xml"/>
    <xi:include href="xml/rygel-video-item.xml"/>
    <xi:include href="xml/rygel-visual-item.xml"/>
    <xi:include href="xml/rygel-writable-container.xml"/>  </chapter>

  <chapter id="object-tree">
    <title>Object Hierarchy</title>
     <xi:include href="xml/tree_index.sgml"/>
  </chapter>

  <index id="api-index-full">
    <title>API Index</title>
    <xi:include href="xml/api-index-full.xml"><xi:fallback /></xi:include>
  </index>

  <index id="deprecated-api-index" role="deprecated">
    <title>Index of deprecated API</title>
    <xi:include href="xml/api-index-deprecated.xml"><xi:fallback /></xi:include>
  </index>

  <xi:include href="xml/annotation-glossary.xml"><xi:fallback /></xi:include>
</book>
